time_days,mse_c,mse_h,old_c,old_h
3.000000000000000000e+01,2.562364796176552773e-03,2.203490957617759705e-02,5.503659602254629135e-03,1.200051829218864441e-01
4.000000000000000000e+01,8.230660459958016872e-04,1.282761571928858757e-03,1.996952109038829803e-03,5.703297257423400879e-02
5.000000000000000000e+01,4.525105177890509367e-04,9.710991289466619492e-04,1.066459226422011852e-03,1.543480716645717621e-02
6.000000000000000000e+01,3.076396824326366186e-04,6.770320469513535500e-04,6.987644010223448277e-04,5.357279907912015915e-03
7.000000000000000000e+01,2.308336115675047040e-04,4.515201435424387455e-04,5.091909551993012428e-04,2.306725131347775459e-03
8.000000000000000000e+01,1.810844696592539549e-04,2.957876131404191256e-04,3.956158179789781570e-04,1.174992648884654045e-03
9.000000000000000000e+01,1.452506839996203780e-04,1.940252550411969423e-04,3.211914154235273600e-04,6.760042742826044559e-04
1.000000000000000000e+02,1.179359169327653944e-04,1.300247968174517155e-04,2.694336581043899059e-04,4.241685965098440647e-04
1.100000000000000000e+02,9.648997365729883313e-05,9.147998935077339411e-05,2.318902697879821062e-04,2.835643826983869076e-04
1.200000000000000000e+02,7.941191142890602350e-05,6.985725485719740391e-05,2.038039383478462696e-04,1.989011070691049099e-04
1.300000000000000000e+02,6.566492811543866992e-05,5.937774767517112195e-05,1.823222555685788393e-04,1.447771646780893207e-04
1.400000000000000000e+02,5.451949618873186409e-05,5.607594357570633292e-05,1.656234089750796556e-04,1.085459516616538167e-04
1.500000000000000000e+02,4.550566518446430564e-05,5.728548421757295728e-05,1.524795079603791237e-04,8.349311974598094821e-05
1.600000000000000000e+02,3.825938620138913393e-05,6.122910417616367340e-05,1.420327898813411593e-04,6.579400360351428390e-05
1.700000000000000000e+02,3.245941115892492235e-05,6.670926813967525959e-05,1.336736459052190185e-04,5.303388024913147092e-05
1.800000000000000000e+02,2.789284917525947094e-05,7.284122693818062544e-05,1.269784552277997136e-04,4.357336365501396358e-05
1.900000000000000000e+02,2.436215800116769969e-05,7.905926759121939540e-05,1.216188247781246901e-04,3.644479875219985843e-05
2.000000000000000000e+02,2.167894490412436426e-05,8.499508840031921864e-05,1.173302807728759944e-04,3.103189374087378383e-05
2.100000000000000000e+02,1.973682628886308521e-05,9.047916682902723551e-05,1.138878360507078469e-04,2.694720024010166526e-05
2.200000000000000000e+02,1.840642289607785642e-05,9.539679012959823012e-05,1.110886078095063567e-04,2.386391133768483996e-05
2.300000000000000000e+02,1.758622966008260846e-05,9.968296217266470194e-05,1.087846903828904033e-04,2.153297646145801991e-05
2.400000000000000000e+02,1.717196028039325029e-05,1.032368454616516829e-04,1.068759011104702950e-04,1.973672078747767955e-05
2.500000000000000000e+02,1.708537638478446752e-05,1.061321672750636935e-04,1.052875450113788247e-04,1.837245144997723401e-05
2.600000000000000000e+02,1.724982212181203067e-05,1.084526738850399852e-04,1.039316193782724440e-04,1.735855039441958070e-05
2.700000000000000000e+02,1.760559825925156474e-05,1.102805908885784447e-04,1.027239777613431215e-04,1.664084265939891338e-05
2.800000000000000000e+02,1.808350862120278180e-05,1.116885468945838511e-04,1.015979287330992520e-04,1.615235669305548072e-05
2.900000000000000000e+02,1.863923898781649768e-05,1.127415453083813190e-04,1.005143130896613002e-04,1.582800723554100841e-05
3.000000000000000000e+02,1.924153184518218040e-05,1.134738922701217234e-04,9.944169141817837954e-05,1.563152727612759918e-05
3.100000000000000000e+02,1.985772178159095347e-05,1.138840889325365424e-04,9.837531251832842827e-05,1.551822060719132423e-05
3.200000000000000000e+02,2.046348163275979459e-05,1.140684471465647221e-04,9.730774036142975092e-05,1.547591455164365470e-05
3.300000000000000000e+02,2.103704537148587406e-05,1.141201209975406528e-04,9.622036304790526628e-05,1.549957960378378630e-05
3.400000000000000000e+02,2.156431582989171147e-05,1.141005632234737277e-04,9.509210940450429916e-05,1.557937684992793947e-05
3.500000000000000000e+02,2.204034717578906566e-05,1.140254971687681973e-04,9.391762432642281055e-05,1.569611595186870545e-05
3.600000000000000000e+02,2.244422648800536990e-05,1.139351370511576533e-04,9.270165173802524805e-05,1.583097582624759525e-05
3.700000000000000000e+02,2.277887870150152594e-05,1.138707302743569016e-04,9.144798968918621540e-05,1.598108065081760287e-05
3.800000000000000000e+02,2.305310226802248508e-05,1.138525694841518998e-04,9.016376861836761236e-05,1.614218126633204520e-05
3.900000000000000000e+02,2.325549394299741834e-05,1.139002997661009431e-04,8.885539864422753453e-05,1.631010127312038094e-05
4.000000000000000000e+02,2.338432022952474654e-05,1.139799933298490942e-04,8.753135625738650560e-05,1.647453609621152282e-05
4.100000000000000000e+02,2.345399479963816702e-05,1.140695385402068496e-04,8.620228618383407593e-05,1.662346403463743627e-05
4.200000000000000000e+02,2.345936263736803085e-05,1.142281180364079773e-04,8.487381273880600929e-05,1.676255851634778082e-05
4.300000000000000000e+02,2.342025072721298784e-05,1.144955749623477459e-04,8.354765304829925299e-05,1.690023600531276315e-05
4.400000000000000000e+02,2.333551310584880412e-05,1.148357550846412778e-04,8.222405449487268925e-05,1.703221641946583986e-05
4.500000000000000000e+02,2.322286491107661277e-05,1.153008051915094256e-04,8.090618939604610205e-05,1.716227052384056151e-05
4.600000000000000000e+02,2.308745024492964149e-05,1.158601517090573907e-04,7.959973299875855446e-05,1.727418930386193097e-05
4.700000000000000000e+02,2.293401848874054849e-05,1.165121211670339108e-04,7.830948743503540754e-05,1.737865932227578014e-05
4.800000000000000000e+02,2.275111182825639844e-05,1.172717675217427313e-04,7.704157906118780375e-05,1.746738416841253638e-05
4.900000000000000000e+02,2.257443520647939295e-05,1.181313491542823613e-04,7.580014062114059925e-05,1.754339973558671772e-05
5.000000000000000000e+02,2.239521381852682680e-05,1.191157571156509221e-04,7.458987965947017074e-05,1.761883686413057148e-05
5.100000000000000000e+02,2.219586895080283284e-05,1.201689883600920439e-04,7.341396121773868799e-05,1.767007415764965117e-05
5.200000000000000000e+02,2.200836752308532596e-05,1.213267169077880681e-04,7.227669993881136179e-05,1.771352253854274750e-05
5.300000000000000000e+02,2.182630851166322827e-05,1.225742162205278873e-04,7.118184294085949659e-05,1.773740768840070814e-05
5.400000000000000000e+02,2.164277429983485490e-05,1.239136036019772291e-04,7.013361027929931879e-05,1.775643613655120134e-05
5.500000000000000000e+02,2.147387931472621858e-05,1.252975489478558302e-04,6.913585093570873141e-05,1.775703458406496793e-05
5.600000000000000000e+02,2.129767744918353856e-05,1.267312036361545324e-04,6.819474219810217619e-05,1.774516385921742767e-05
5.700000000000000000e+02,2.114599010383244604e-05,1.282120501855388284e-04,6.731555913574993610e-05,1.771995266608428210e-05
5.800000000000000000e+02,2.100937126670032740e-05,1.297482522204518318e-04,6.650424620602279902e-05,1.768815127434208989e-05
5.900000000000000000e+02,2.087731627398170531e-05,1.313298562308773398e-04,6.576451414730399847e-05,1.764057742548175156e-05
6.000000000000000000e+02,2.079999103443697095e-05,1.329770893789827824e-04,6.510214006993919611e-05,1.759234510245732963e-05
6.100000000000000000e+02,2.072376810247078538e-05,1.346562348771840334e-04,6.452366505982354283e-05,1.753019751049578190e-05
6.200000000000000000e+02,2.072254210361279547e-05,1.363808842143043876e-04,6.403768929885700345e-05,1.746657653711736202e-05
6.300000000000000000e+02,2.076753298752009869e-05,1.381214678985998034e-04,6.365279841702431440e-05,1.739103026920929551e-05
6.400000000000000000e+02,2.087036045850254595e-05,1.398496096953749657e-04,6.337770901154726744e-05,1.730326039250940084e-05
6.500000000000000000e+02,2.106541796820238233e-05,1.415683655068278313e-04,6.322167610051110387e-05,1.721081753203179687e-05
6.600000000000000000e+02,2.135519753210246563e-05,1.432515127817168832e-04,6.319732347037643194e-05,1.710689321043901145e-05
6.700000000000000000e+02,2.174065411963965744e-05,1.448803959647193551e-04,6.331676559057086706e-05,1.699890890449751168e-05
6.800000000000000000e+02,2.224962918262463063e-05,1.464224624214693904e-04,6.359441613312810659e-05,1.687586700427345932e-05
6.900000000000000000e+02,2.290099655510857701e-05,1.478853373555466533e-04,6.404173473129048944e-05,1.675279781920835376e-05
7.000000000000000000e+02,2.369471258134581149e-05,1.492082083132117987e-04,6.467033381341025233e-05,1.662505746935494244e-05
7.100000000000000000e+02,2.459949064359534532e-05,1.503540406702086329e-04,6.548878445755690336e-05,1.649491241551004350e-05
7.200000000000000000e+02,2.566883631516247988e-05,1.513146416982635856e-04,6.650967407040297985e-05,1.635850458114873618e-05
7.300000000000000000e+02,2.684620994841679931e-05,1.520468504168093204e-04,6.774420035071671009e-05,1.621441151655744761e-05
7.400000000000000000e+02,2.815279549395199865e-05,1.525621046312153339e-04,6.920482701389119029e-05,1.607590274943504483e-05
7.500000000000000000e+02,2.957584365503862500e-05,1.526954147266224027e-04,7.090467988746240735e-05,1.592483749845996499e-05
7.600000000000000000e+02,3.111181649728678167e-05,1.523998798802495003e-04,7.287236803676933050e-05,1.578396040713414550e-05
7.700000000000000000e+02,3.273553011240437627e-05,1.516547636128962040e-04,7.512658339692279696e-05,1.563724435982294381e-05
7.800000000000000000e+02,3.440981163294054568e-05,1.504445681348443031e-04,7.767343777231872082e-05,1.550584602227900177e-05
7.900000000000000000e+02,3.609756822697818279e-05,1.487057306803762913e-04,8.050099131651222706e-05,1.538453216198831797e-05
8.000000000000000000e+02,3.777101665036752820e-05,1.464242959627881646e-04,8.361291111214086413e-05,1.528666325611993670e-05
8.100000000000000000e+02,3.936701614293269813e-05,1.435271115042269230e-04,8.702810009708628058e-05,1.521682861493900418e-05
8.200000000000000000e+02,4.085341424797661602e-05,1.398972235620021820e-04,9.077986760530620813e-05,1.517508826509583741e-05
8.300000000000000000e+02,4.220070695737376809e-05,1.355814893031492829e-04,9.488525392953306437e-05,1.517611053714063019e-05
8.400000000000000000e+02,4.337780774221755564e-05,1.303240132983773947e-04,9.935341950040310621e-05,1.522570892120711505e-05
8.500000000000000000e+02,4.432232162798754871e-05,1.240784476976841688e-04,1.041890209307894111e-04,1.536432318971492350e-05
8.600000000000000000e+02,4.497808913583867252e-05,1.169009628938511014e-04,1.093977698474191129e-04,1.561770841362886131e-05
8.700000000000000000e+02,4.531974263954907656e-05,1.085918265744112432e-04,1.150604366557672620e-04,1.603699638508260250e-05
8.800000000000000000e+02,4.529883881332352757e-05,9.956210851669311523e-05,1.211851413245312870e-04,1.663220973568968475e-05
8.900000000000000000e+02,4.489720595302060246e-05,8.993064693640917540e-05,1.277663541259244084e-04,1.742934728099498898e-05
9.000000000000000000e+02,4.405010258778929710e-05,8.009263547137379646e-05,1.346701610600575805e-04,1.841746234276797622e-05
9.100000000000000000e+02,4.272574733477085829e-05,7.027747051324695349e-05,1.418214815203100443e-04,1.960372173925861716e-05
9.200000000000000000e+02,4.097137934877537191e-05,6.075055352994240820e-05,1.491488947067409754e-04,2.096703792631160468e-05
9.300000000000000000e+02,3.882154487655498087e-05,5.174426041776314378e-05,1.565613056300207973e-04,2.251980549772270024e-05
9.400000000000000000e+02,3.645471224444918334e-05,4.362173785921186209e-05,1.639874244574457407e-04,2.422366014798171818e-05
9.500000000000000000e+02,3.400504647288471460e-05,3.668277349788695574e-05,1.713352976366877556e-04,2.602544918772764504e-05
9.600000000000000000e+02,3.164559166179969907e-05,3.113290586043149233e-05,1.785251952242106199e-04,2.782771844067610800e-05
9.700000000000000000e+02,2.946699169115163386e-05,2.704789403651375324e-05,1.854380534496158361e-04,2.961205791507381946e-05
9.800000000000000000e+02,2.759589187917299569e-05,2.448503619234543294e-05,1.919772475957870483e-04,3.131980702164582908e-05
9.900000000000000000e+02,2.602639688120689243e-05,2.337347359571140260e-05,1.980490924324840307e-04,3.288954030722379684e-05
1.000000000000000000e+03,2.474414941389113665e-05,2.355873220949433744e-05,2.035492798313498497e-04,3.428346826694905758e-05
1.010000000000000000e+03,2.369846515648532659e-05,2.486048833816312253e-05,2.083527215290814638e-04,3.554288196028210223e-05
1.020000000000000000e+03,2.282410241605248302e-05,2.704903636185918003e-05,2.123607700923457742e-04,3.668509089038707316e-05
1.030000000000000000e+03,2.213016341556794941e-05,2.991684959852136672e-05,2.155044057872146368e-04,3.772079071495682001e-05
1.040000000000000000e+03,2.158614370273426175e-05,3.323378768982365727e-05,2.177603601012378931e-04,3.864275640808045864e-05
1.050000000000000000e+03,2.122691148542799056e-05,3.681818634504452348e-05,2.191120147472247481e-04,3.947724690078757703e-05
1.060000000000000000e+03,2.108036642312072217e-05,4.049734707223251462e-05,2.195731067331507802e-04,4.023808287456631660e-05
1.070000000000000000e+03,2.115535971825011075e-05,4.417951640789397061e-05,2.191736712120473385e-04,4.095654730917885900e-05
1.080000000000000000e+03,2.148670682800002396e-05,4.778108268510550261e-05,2.179745060857385397e-04,4.161772085353732109e-05
1.090000000000000000e+03,2.207092802564147860e-05,5.121847061673179269e-05,2.160521689802408218e-04,4.222081406624056399e-05
1.100000000000000000e+03,2.287057213834486902e-05,5.443086047307588160e-05,2.134964452125132084e-04,4.273763624951243401e-05
1.110000000000000000e+03,2.386190317338332534e-05,5.739126572734676301e-05,2.103970909956842661e-04,4.318041465012356639e-05
1.120000000000000000e+03,2.495229637133888900e-05,6.007870979374274611e-05,2.068381290882825851e-04,4.353027179604396224e-05
1.130000000000000000e+03,2.607661008369177580e-05,6.248423596844077110e-05,2.028971648542210460e-04,4.378672747407108545e-05
1.140000000000000000e+03,2.716936614888254553e-05,6.462199235102161765e-05,1.986497954931110144e-04,4.395547148305922747e-05
1.150000000000000000e+03,2.811890226439572871e-05,6.651321018580347300e-05,1.941666851053014398e-04,4.403315688250586390e-05
1.160000000000000000e+03,2.892143311328254640e-05,6.815902452217414975e-05,1.895100867841392756e-04,4.401836486067622900e-05
1.170000000000000000e+03,2.950333873741328716e-05,6.957996811252087355e-05,1.847379171522334218e-04,4.389292735140770674e-05
1.180000000000000000e+03,2.982800651807337999e-05,7.080583600327372551e-05,1.798997691366821527e-04,4.368478403193876147e-05
1.190000000000000000e+03,2.991664587170816958e-05,7.185029971878975630e-05,1.750399533193558455e-04,4.338234430178999901e-05
1.200000000000000000e+03,2.974390372401103377e-05,7.270692731253802776e-05,1.701973960734903812e-04,4.302104935050010681e-05
1.210000000000000000e+03,2.932856659754179418e-05,7.337459828704595566e-05,1.654050283832475543e-04,4.256777538103051484e-05
1.220000000000000000e+03,2.873587436624802649e-05,7.384897617157548666e-05,1.606918231118470430e-04,4.205354343866929412e-05
1.230000000000000000e+03,2.794019746943376958e-05,7.415370782837271690e-05,1.560805249027907848e-04,4.147250001551583409e-05
1.240000000000000000e+03,2.703492282307706773e-05,7.429547258652746677e-05,1.515922194812446833e-04,4.085634645889513195e-05
1.250000000000000000e+03,2.602648964966647327e-05,7.428942626575008035e-05,1.472404401283711195e-04,4.019899643026292324e-05
1.260000000000000000e+03,2.497425339242909104e-05,7.414817082462832332e-05,1.430392003385350108e-04,3.948121957364492118e-05
1.270000000000000000e+03,2.389963265159167349e-05,7.386099605355411768e-05,1.389957324136048555e-04,3.876013943227007985e-05
1.280000000000000000e+03,2.282099194417241961e-05,7.349233783315867186e-05,1.351115352008491755e-04,3.799193291342817247e-05
1.290000000000000000e+03,2.178844442823901772e-05,7.303406164282932878e-05,1.313872635364532471e-04,3.723857662407681346e-05
1.300000000000000000e+03,2.081920865748543292e-05,7.247603934956714511e-05,1.278254494536668062e-04,3.644113166956230998e-05
1.310000000000000000e+03,1.989935844903811812e-05,7.183489651652052999e-05,1.244246086571365595e-04,3.566527811926789582e-05
1.320000000000000000e+03,1.907255864352919161e-05,7.109948637662455440e-05,1.211800190503709018e-04,3.488474249024875462e-05
1.330000000000000000e+03,1.831563349696807563e-05,7.026690582279115915e-05,1.180834660772234201e-04,3.412363730603829026e-05
1.340000000000000000e+03,1.763295949785970151e-05,6.934664270374923944e-05,1.151283213403075933e-04,3.336982626933604479e-05
1.350000000000000000e+03,1.704582609818316996e-05,6.835772364865988493e-05,1.123079782701097429e-04,3.263879625592380762e-05
1.360000000000000000e+03,1.652922946959733963e-05,6.728472362738102674e-05,1.096148698707111180e-04,3.192779331584461033e-05
1.370000000000000000e+03,1.607510239409748465e-05,6.616763130296021700e-05,1.070416328730061650e-04,3.125082366750575602e-05
1.380000000000000000e+03,1.568768493598327041e-05,6.499845767393708229e-05,1.045794488163664937e-04,3.059108712477609515e-05
1.390000000000000000e+03,1.536075433250516653e-05,6.379130354616791010e-05,1.022188371280208230e-04,2.995641261804848909e-05
1.400000000000000000e+03,1.508439709141384810e-05,6.256420601857826114e-05,9.994859283324331045e-05,2.934984877356328070e-05
1.410000000000000000e+03,1.485737902839900926e-05,6.131423288024961948e-05,9.776048682397231460e-05,2.877874612750019878e-05
1.420000000000000000e+03,1.465832428948488086e-05,6.001190558890812099e-05,9.565040090819820762e-05,2.824797957146074623e-05
1.430000000000000000e+03,1.449483534088358283e-05,5.871441680938005447e-05,9.361758566228672862e-05,2.774994936771690845e-05
1.440000000000000000e+03,1.436868114979006350e-05,5.738869367633014917e-05,9.166295785689726472e-05,2.728138497332111001e-05
1.450000000000000000e+03,1.425611117156222463e-05,5.604941179626621306e-05,8.978529513115063310e-05,2.684828723431564867e-05
1.460000000000000000e+03,1.416088343830779195e-05,5.471172335091978312e-05,8.798352791927754879e-05,2.645263521117158234e-05
1.470000000000000000e+03,1.409548985975561664e-05,5.335629612090997398e-05,8.625644841231405735e-05,2.609955481602810323e-05
1.480000000000000000e+03,1.403909300279337913e-05,5.201032035984098911e-05,8.459857781417667866e-05,2.576289625721983612e-05
1.490000000000000000e+03,1.398796121065970510e-05,5.067912570666521788e-05,8.300827175844460726e-05,2.546040923334658146e-05
1.500000000000000000e+03,1.396538209519349039e-05,4.939992504660040140e-05,8.148365304805338383e-05,2.515720552764832973e-05
1.510000000000000000e+03,1.393101047142408788e-05,4.818006709683686495e-05,8.003527182154357433e-05,2.486165612936019897e-05
1.520000000000000000e+03,1.389878616464557126e-05,4.701127909356728196e-05,7.866369560360908508e-05,2.455771209497470409e-05
1.530000000000000000e+03,1.387060183333232999e-05,4.588999581756070256e-05,7.736814586678519845e-05,2.427551953587681055e-05
1.540000000000000000e+03,1.385525047226110473e-05,4.481296491576358676e-05,7.613960769958794117e-05,2.400589801254682243e-05
1.550000000000000000e+03,1.382693790219491348e-05,4.378312587505206466e-05,7.497571641579270363e-05,2.373303505009971559e-05
1.560000000000000000e+03,1.378875458613038063e-05,4.280236316844820976e-05,7.387440564343705773e-05,2.347087865928187966e-05
1.570000000000000000e+03,1.374448038404807448e-05,4.187070589978247881e-05,7.283249578904360533e-05,2.321480496902950108e-05
1.580000000000000000e+03,1.367590539302909747e-05,4.099624493392184377e-05,7.184922287706285715e-05,2.295723970746621490e-05
1.590000000000000000e+03,1.359937505185371265e-05,4.018955951323732734e-05,7.093562453519552946e-05,2.266824594698846340e-05
1.600000000000000000e+03,1.351699484075652435e-05,3.944310083170421422e-05,7.009322871454060078e-05,2.236413820355664939e-05
1.610000000000000000e+03,1.342408540949691087e-05,3.873241803376004100e-05,6.931956158950924873e-05,2.205259079346433282e-05
1.620000000000000000e+03,1.330184932157862931e-05,3.805533924605697393e-05,6.859866698505356908e-05,2.175267945858649909e-05
1.630000000000000000e+03,1.316742054768837988e-05,3.740283500519581139e-05,6.792161730118095875e-05,2.146459155483171344e-05
1.640000000000000000e+03,1.301980228163301945e-05,3.679993824334815145e-05,6.728676089551299810e-05,2.118408519891090691e-05
1.650000000000000000e+03,1.284930294787045568e-05,3.620833740569651127e-05,6.669174763374030590e-05,2.089044573949649930e-05
1.660000000000000000e+03,1.266651270270813257e-05,3.564737198757939041e-05,6.614611629629507661e-05,2.057672827504575253e-05
1.670000000000000000e+03,1.246905048901680857e-05,3.511323302518576384e-05,6.565170770045369864e-05,2.024036621151026338e-05
1.680000000000000000e+03,1.226255426445277408e-05,3.460417428868822753e-05,6.520260649267584085e-05,1.991882709262426943e-05
1.690000000000000000e+03,1.204841009894153103e-05,3.409455530345439911e-05,6.478192517533898354e-05,1.960594818228855729e-05
1.700000000000000000e+03,1.182294181489851326e-05,3.359938273206353188e-05,6.437866977648809552e-05,1.931967926793731749e-05
1.710000000000000000e+03,1.159745625045616180e-05,3.311558248242363334e-05,6.399399717338383198e-05,1.903700467664748430e-05
1.720000000000000000e+03,1.135973070631735027e-05,3.264332553953863680e-05,6.363335705827921629e-05,1.874631561804562807e-05
1.730000000000000000e+03,1.112968857341911644e-05,3.216816548956558108e-05,6.330097676254808903e-05,1.843618701968807727e-05
1.740000000000000000e+03,1.092162347049452364e-05,3.170985291944816709e-05,6.299032247625291348e-05,1.813916605897247791e-05
1.750000000000000000e+03,1.069712834578240290e-05,3.125329385511577129e-05,6.269008008530363441e-05,1.785428139555733651e-05
1.760000000000000000e+03,1.048874946718569845e-05,3.081321119680069387e-05,6.239446520339697599e-05,1.760034137987531722e-05
1.770000000000000000e+03,1.030432304105488583e-05,3.038232898688875139e-05,6.210489664226770401e-05,1.734362376737408340e-05
1.780000000000000000e+03,1.013379642245126888e-05,2.994323222083039582e-05,6.182499055285006762e-05,1.709081152512226254e-05
1.790000000000000000e+03,9.994573701987974346e-06,2.951941678475122899e-05,6.155874143587425351e-05,1.681282810750417411e-05
1.800000000000000000e+03,9.881046935333870351e-06,2.910497823904734105e-05,6.130414840299636126e-05,1.654918378335423768e-05
1.810000000000000000e+03,9.798922292247880250e-06,2.870747266570106149e-05,6.105707143433392048e-05,1.629277721804101020e-05
1.820000000000000000e+03,9.748152479005511850e-06,2.831570600392296910e-05,6.080201637814752758e-05,1.606659861863590777e-05
1.830000000000000000e+03,9.730962119647301733e-06,2.794830834318418056e-05,6.054161349311470985e-05,1.584144956723321229e-05
1.840000000000000000e+03,9.759298336575739086e-06,2.758551090664695948e-05,6.028402276569977403e-05,1.561627504997886717e-05
1.850000000000000000e+03,9.820319974096491933e-06,2.725201375142205507e-05,6.004073657095432281e-05,1.537888601887971163e-05
1.860000000000000000e+03,9.915444024954922497e-06,2.691568624868523329e-05,5.980717833153903484e-05,1.513729148427955806e-05
1.870000000000000000e+03,1.006413731374777853e-05,2.661720827745739371e-05,5.957643224974162877e-05,1.490246540924999863e-05
1.880000000000000000e+03,1.023044387693516910e-05,2.632415453263092786e-05,5.933825741522014141e-05,1.470104143663775176e-05
1.890000000000000000e+03,1.043920565280131996e-05,2.606439375085756183e-05,5.909852916374802589e-05,1.450207764719380066e-05
1.900000000000000000e+03,1.068973597284639254e-05,2.582813249318860471e-05,5.887373481527902186e-05,1.429680742148775607e-05
1.910000000000000000e+03,1.096068081096746027e-05,2.559874337748624384e-05,5.866964420420117676e-05,1.406946284987498075e-05
1.920000000000000000e+03,1.126995812228415161e-05,2.540639252401888371e-05,5.848225555382668972e-05,1.386242001899518073e-05
1.930000000000000000e+03,1.158634222520049661e-05,2.522566865081898868e-05,5.829942892887629569e-05,1.366073502140352502e-05
1.940000000000000000e+03,1.193765820062253624e-05,2.509044497855938971e-05,5.812403105664998293e-05,1.349136073258705437e-05
1.950000000000000000e+03,1.229345525644021109e-05,2.496581691957544535e-05,5.796566620119847357e-05,1.328882990492274985e-05
1.960000000000000000e+03,1.266285107703879476e-05,2.487330857547931373e-05,5.783588130725547671e-05,1.310103925789007917e-05
1.970000000000000000e+03,1.303943372477078810e-05,2.480090188328176737e-05,5.773880184278823435e-05,1.289717602048767731e-05
1.980000000000000000e+03,1.341698862233897671e-05,2.475608562235720456e-05,5.766932736150920391e-05,1.271994460694259033e-05
1.990000000000000000e+03,1.378405522700631991e-05,2.473786298651248217e-05,5.761739885201677680e-05,1.254554535989882424e-05
2.000000000000000000e+03,1.414656071574427187e-05,2.474094617355149239e-05,5.759272607974708080e-05,1.235624949913471937e-05
2.010000000000000000e+03,1.450599211239023134e-05,2.475460496498271823e-05,5.760561180068179965e-05,1.216012788063380867e-05
2.020000000000000000e+03,1.483612231822917238e-05,2.478315946063958108e-05,5.765635432908311486e-05,1.195436288980999961e-05
2.030000000000000000e+03,1.515464191470528021e-05,2.482506897649727762e-05,5.774392047896981239e-05,1.174130738945677876e-05
2.040000000000000000e+03,1.544812039355747402e-05,2.487385427230037749e-05,5.787383997812867165e-05,1.151480228145373985e-05
2.050000000000000000e+03,1.570080894452985376e-05,2.491967643436510116e-05,5.805906403111293912e-05,1.126529878092696890e-05
2.060000000000000000e+03,1.594393324921838939e-05,2.496190791134722531e-05,5.830382724525406957e-05,1.101804264180827886e-05
2.070000000000000000e+03,1.613820677448529750e-05,2.502179086150135845e-05,5.859213706571608782e-05,1.079798312275670469e-05
2.080000000000000000e+03,1.630135739105753601e-05,2.510033300495706499e-05,5.890312968404032290e-05,1.062322098732693121e-05
2.090000000000000000e+03,1.640903064981102943e-05,2.519549525459297001e-05,5.921312549617141485e-05,1.049788261298090219e-05
2.100000000000000000e+03,1.647364297241438180e-05,2.530450728954747319e-05,5.951466300757601857e-05,1.040208280755905434e-05
2.110000000000000000e+03,1.649565092520788312e-05,2.543933078413829207e-05,5.980362038826569915e-05,1.034503111441154033e-05
2.120000000000000000e+03,1.649077421461697668e-05,2.559930362622253597e-05,6.007648698869161308e-05,1.033330590871628374e-05
2.130000000000000000e+03,1.646297459956258535e-05,2.578135718067642301e-05,6.033394311089068651e-05,1.036452977132285014e-05
2.140000000000000000e+03,1.643044379306957126e-05,2.598343053250573575e-05,6.057739301468245685e-05,1.044607597577851266e-05
2.150000000000000000e+03,1.639224501559510827e-05,2.622935062390752137e-05,6.081196988816373050e-05,1.057856024999637157e-05
2.160000000000000000e+03,1.636053821130190045e-05,2.649823363753966987e-05,6.104181375121697783e-05,1.076912212738534436e-05
2.170000000000000000e+03,1.634373438719194382e-05,2.679339195310603827e-05,6.127088272478431463e-05,1.100079680327326059e-05
2.180000000000000000e+03,1.634689215279649943e-05,2.712091554712969810e-05,6.150353146949782968e-05,1.128016265283804387e-05
2.190000000000000000e+03,1.635956141399219632e-05,2.746280370047315955e-05,6.174303416628390551e-05,1.160862120741512626e-05
2.200000000000000000e+03,1.640134905755985528e-05,2.782808769552502781e-05,6.199025665409862995e-05,1.197811889142030850e-05
2.210000000000000000e+03,1.644676558498758823e-05,2.821145972120575607e-05,6.224587559700012207e-05,1.237435481016291305e-05
2.220000000000000000e+03,1.650921331020072103e-05,2.860173117369413376e-05,6.250803562579676509e-05,1.278970648854738101e-05
2.230000000000000000e+03,1.658018663874827325e-05,2.898931234085466713e-05,6.277082138694822788e-05,1.322417119808960706e-05
2.240000000000000000e+03,1.666727803240064532e-05,2.937423778348602355e-05,6.302667316049337387e-05,1.366426477034110576e-05
2.250000000000000000e+03,1.676907413639128208e-05,2.975205643451772630e-05,6.326820584945380688e-05,1.410795539413811639e-05
2.260000000000000000e+03,1.688889460638165474e-05,3.013139757968019694e-05,6.348882743623107672e-05,1.453609002055600286e-05
2.270000000000000000e+03,1.701995279290713370e-05,3.049871884286403656e-05,6.367982132360339165e-05,1.495156539021991193e-05
2.280000000000000000e+03,1.718986277410294861e-05,3.084873242187313735e-05,6.383312575053423643e-05,1.533817157906014472e-05
2.290000000000000000e+03,1.737675120239146054e-05,3.118997119599953294e-05,6.394243246177211404e-05,1.570798849570564926e-05
2.300000000000000000e+03,1.758253347361460328e-05,3.151462442474439740e-05,6.400316487997770309e-05,1.604491262696683407e-05
2.310000000000000000e+03,1.782128674676641822e-05,3.182465661666356027e-05,6.401153223123401403e-05,1.635483567952178419e-05
2.320000000000000000e+03,1.807832086342386901e-05,3.212592855561524630e-05,6.396576645784080029e-05,1.663036891841329634e-05
2.330000000000000000e+03,1.835067814681679010e-05,3.241524245822802186e-05,6.386512541212141514e-05,1.687022995611187071e-05
2.340000000000000000e+03,1.862270619312766939e-05,3.269671287853270769e-05,6.371096969814971089e-05,1.708187301119323820e-05
2.350000000000000000e+03,1.891210558824241161e-05,3.296378417871892452e-05,6.350483454298228025e-05,1.725150286802090704e-05
2.360000000000000000e+03,1.917894405778497458e-05,3.322133852634578943e-05,6.325038702925667167e-05,1.739797698974143714e-05
2.370000000000000000e+03,1.944142422871664166e-05,3.347131860209628940e-05,6.295226194197311997e-05,1.750329647620674223e-05
2.380000000000000000e+03,1.968727519852109253e-05,3.371662751305848360e-05,6.261574890231713653e-05,1.759097904141526669e-05
2.390000000000000000e+03,1.990248347283340991e-05,3.396388274268247187e-05,6.224713433766737580e-05,1.764243461366277188e-05
2.400000000000000000e+03,2.008899173233658075e-05,3.421652218094095588e-05,6.185229722177609801e-05,1.767639696481637657e-05
2.410000000000000000e+03,2.023488741542678326e-05,3.447175549808889627e-05,6.143735663499683142e-05,1.768297806847840548e-05
2.420000000000000000e+03,2.035875149886123836e-05,3.473664764896966517e-05,6.100886093918234110e-05,1.768102447385899723e-05
2.430000000000000000e+03,2.043077256530523300e-05,3.500295861158519983e-05,6.057408609194681048e-05,1.765071647241711617e-05
2.440000000000000000e+03,2.047402449534274638e-05,3.529166133375838399e-05,6.013950769556686282e-05,1.761131716193631291e-05
2.450000000000000000e+03,2.047199086518958211e-05,3.559638571459800005e-05,5.971113932901062071e-05,1.755607081577181816e-05
2.460000000000000000e+03,2.044287612079642713e-05,3.592553548514842987e-05,5.929386679781600833e-05,1.748440627125091851e-05
2.470000000000000000e+03,2.040486651821993291e-05,3.627542901085689664e-05,5.889307067263871431e-05,1.740642983349971473e-05
2.480000000000000000e+03,2.032464908552356064e-05,3.665150870801880956e-05,5.851250898558646441e-05,1.730793883325532079e-05
2.490000000000000000e+03,2.025049980147741735e-05,3.705976268975064158e-05,5.815493568661622703e-05,1.721257649478502572e-05
2.500000000000000000e+03,2.015264544752426445e-05,3.749664028873667121e-05,5.782199150417000055e-05,1.709405478322878480e-05
2.510000000000000000e+03,2.007299190154299140e-05,3.797202225541695952e-05,5.751521166530437768e-05,1.697801781119778752e-05
2.520000000000000000e+03,1.996886567212641239e-05,3.848271444439888000e-05,5.723640060750767589e-05,1.685139977780636400e-05
2.530000000000000000e+03,1.988802250707522035e-05,3.903340257238596678e-05,5.698556196875870228e-05,1.671922291279770434e-05
2.540000000000000000e+03,1.979222361114807427e-05,3.961633046856150031e-05,5.676239379681646824e-05,1.657243046793155372e-05
2.550000000000000000e+03,1.971286110347136855e-05,4.024219379061833024e-05,5.656585199176333845e-05,1.642154529690742493e-05
2.560000000000000000e+03,1.964548755495343357e-05,4.090442234883084893e-05,5.639498704113066196e-05,1.625909499125555158e-05
2.570000000000000000e+03,1.957134008989669383e-05,4.159816671744920313e-05,5.624779805657453835e-05,1.610179242561571300e-05
2.580000000000000000e+03,1.948431599885225296e-05,4.233694562572054565e-05,5.612245877273380756e-05,1.592628359503578395e-05
2.590000000000000000e+03,1.942865128512494266e-05,4.308456846047192812e-05,5.601596058113500476e-05,1.575557689648121595e-05
2.600000000000000000e+03,1.934102328959852457e-05,4.387067747302353382e-05,5.592572415480390191e-05,1.556637835165020078e-05
2.610000000000000000e+03,1.925937976920977235e-05,4.466909012990072370e-05,5.584839891525916755e-05,1.538328797323629260e-05
2.620000000000000000e+03,1.916821565828286111e-05,4.547641947283409536e-05,5.578107084147632122e-05,1.519058605481404811e-05
2.630000000000000000e+03,1.905131102830637246e-05,4.627499583875760436e-05,5.572066584136337042e-05,1.499462632637005299e-05
2.640000000000000000e+03,1.893572516564745456e-05,4.706884647021070123e-05,5.566386971622705460e-05,1.480012724641710520e-05
2.650000000000000000e+03,1.880725903902202845e-05,4.784932025359012187e-05,5.560767021961510181e-05,1.460025123378727585e-05
2.660000000000000000e+03,1.867277205747086555e-05,4.858228567172773182e-05,5.554848758038133383e-05,1.440828054910525680e-05
2.670000000000000000e+03,1.851633533078711480e-05,4.928685666527599096e-05,5.548311310121789575e-05,1.420829175913240761e-05
2.680000000000000000e+03,1.833543501561507583e-05,4.992301182937808335e-05,5.540881466004066169e-05,1.402239740855293348e-05
2.690000000000000000e+03,1.817570955608971417e-05,5.047819286119192839e-05,5.532219802262261510e-05,1.383369635732378811e-05
2.700000000000000000e+03,1.798081939341500401e-05,5.094505104352720082e-05,5.521960702026262879e-05,1.365778007311746478e-05
2.710000000000000000e+03,1.778919431671965867e-05,5.131735451868735254e-05,5.509650509338825941e-05,1.348552814306458458e-05
2.720000000000000000e+03,1.757980317051988095e-05,5.156360566616058350e-05,5.494942161021754146e-05,1.333420095761539415e-05
2.730000000000000000e+03,1.737154525471851230e-05,5.167918061488308012e-05,5.477519152918830514e-05,1.318957583862356842e-05
2.740000000000000000e+03,1.715810503810644150e-05,5.166801565792411566e-05,5.456954386318102479e-05,1.306138346990337595e-05
2.750000000000000000e+03,1.693246304057538509e-05,5.150870492798276246e-05,5.432801117422059178e-05,1.294972389587201178e-05
2.760000000000000000e+03,1.671525751589797437e-05,5.119492561789229512e-05,5.404648982221260667e-05,1.285216421820223331e-05
2.770000000000000000e+03,1.650124977459199727e-05,5.074176078778691590e-05,5.372157465899363160e-05,1.277481715078465641e-05
2.780000000000000000e+03,1.628780955797992647e-05,5.013363988837227225e-05,5.334957677405327559e-05,1.270966276933904737e-05
2.790000000000000000e+03,1.607776721357367933e-05,4.938684287481009960e-05,5.292686546454206109e-05,1.266684103029547259e-05
2.800000000000000000e+03,1.587586484674829990e-05,4.849377364735119045e-05,5.245055945124477148e-05,1.264527600142173469e-05
2.810000000000000000e+03,1.568739571666810662e-05,4.749117942992597818e-05,5.191917807678692043e-05,1.263287231267895550e-05
2.820000000000000000e+03,1.551346940686926246e-05,4.638869359041564167e-05,5.133131708134897053e-05,1.262780642719008029e-05
2.830000000000000000e+03,1.533242539153434336e-05,4.522969538811594248e-05,5.068707105237990618e-05,1.261870056623592973e-05
2.840000000000000000e+03,1.520211480965372175e-05,4.400572652230039239e-05,4.998832082492299378e-05,1.261745364899979904e-05
2.850000000000000000e+03,1.507582965132314712e-05,4.274505772627890110e-05,4.923838423565030098e-05,1.261451870959717780e-05
2.860000000000000000e+03,1.497171797382179648e-05,4.148868538322858512e-05,4.844064096687361598e-05,1.259771488548722118e-05
2.870000000000000000e+03,1.488738234911579639e-05,4.025368980364874005e-05,4.759958392241969705e-05,1.256872565136291087e-05
2.880000000000000000e+03,1.482715197198558599e-05,3.905335324816405773e-05,4.672099021263420582e-05,1.251731373486109078e-05
2.890000000000000000e+03,1.481108211009996012e-05,3.792131610680371523e-05,4.581179382512345910e-05,1.244558188773225993e-05
2.900000000000000000e+03,1.480236278439406306e-05,3.686390118673443794e-05,4.487825935939326882e-05,1.234109731740318239e-05
2.910000000000000000e+03,1.481937943026423454e-05,3.589674088289029896e-05,4.392763366922736168e-05,1.220801004819804803e-05
2.920000000000000000e+03,1.486798100813757628e-05,3.502722393022850156e-05,4.296717088436707854e-05,1.204170894197886810e-05
2.930000000000000000e+03,1.493225590820657089e-05,3.426543844398111105e-05,4.200229886919260025e-05,1.184299435408320278e-05
2.940000000000000000e+03,1.501490442024078220e-05,3.361314884386956692e-05,4.103889295947737992e-05,1.162023181677795947e-05
2.950000000000000000e+03,1.512809285486582667e-05,3.305826248833909631e-05,4.008258838439360261e-05,1.137212711910251528e-05
2.960000000000000000e+03,1.525467996543738991e-05,3.261490928707644343e-05,3.913814362022094429e-05,1.110390257963445038e-05
2.970000000000000000e+03,1.538603646622505039e-05,3.227304114261642098e-05,3.820930578513070941e-05,1.081640220945701003e-05
2.980000000000000000e+03,1.553459696879144758e-05,3.200545688741840422e-05,3.729867603396996856e-05,1.050999708240851760e-05
2.990000000000000000e+03,1.570540371176321059e-05,3.183916851412504911e-05,3.640908107627183199e-05,1.019232149701565504e-05
3.000000000000000000e+03,1.587807128089480102e-05,3.174804805894382298e-05,3.554263821570202708e-05,9.861980288405902684e-06
3.010000000000000000e+03,1.607320882612839341e-05,3.172701690346002579e-05,3.470011870376765728e-05,9.524266715743578970e-06
3.020000000000000000e+03,1.626546145416796207e-05,3.175026358803734183e-05,3.388272307347506285e-05,9.189006959786638618e-06
3.030000000000000000e+03,1.648064790060743690e-05,3.182940417900681496e-05,3.309064413770101964e-05,8.848890502122230828e-06
3.040000000000000000e+03,1.669242010393645614e-05,3.194429154973477125e-05,3.232349627069197595e-05,8.521992640453390777e-06
3.050000000000000000e+03,1.690101635176688433e-05,3.211104922229424119e-05,3.158090112265199423e-05,8.192633686121553183e-06
3.060000000000000000e+03,1.712845914880745113e-05,3.228335481253452599e-05,3.086228389292955399e-05,7.874848961364477873e-06
3.070000000000000000e+03,1.735114346956834197e-05,3.249147994210943580e-05,3.016687333001755178e-05,7.561152870039222762e-06
3.080000000000000000e+03,1.757102290866896510e-05,3.269674562034197152e-05,2.949440022348426282e-05,7.258071036631008610e-06
3.090000000000000000e+03,1.779148806235753000e-05,3.291378379799425602e-05,2.884339846787042916e-05,6.969481546548195183e-06
3.100000000000000000e+03,1.800125392037443817e-05,3.313383786007761955e-05,2.821265297825448215e-05,6.692594070045743138e-06
3.110000000000000000e+03,1.821423757064621896e-05,3.335646033519878983e-05,2.760090501396916807e-05,6.430353550967993215e-06
3.120000000000000000e+03,1.839427932281978428e-05,3.356432716827839613e-05,2.700695586099755019e-05,6.182708602864295244e-06
3.130000000000000000e+03,1.857915231084916741e-05,3.376543827471323311e-05,2.643035259097814560e-05,5.951301318418700248e-06
3.140000000000000000e+03,1.873350083769764751e-05,3.395778912818059325e-05,2.587008930277079344e-05,5.730060365749523044e-06
3.150000000000000000e+03,1.887854705273639411e-05,3.414747334318235517e-05,2.532526741561014205e-05,5.523263553186552599e-06
3.160000000000000000e+03,1.899120252346619964e-05,3.430852666497230530e-05,2.479506838426459581e-05,5.327976396074518561e-06
3.170000000000000000e+03,1.908016565721482038e-05,3.447580456850118935e-05,2.427888284728396684e-05,5.148916898178867996e-06
3.180000000000000000e+03,1.915770189953036606e-05,3.460549487499520183e-05,2.377579039603006095e-05,4.976019681635079905e-06
3.190000000000000000e+03,1.918474663398228586e-05,3.472908429102972150e-05,2.328527261852286756e-05,4.818993602384580299e-06
3.200000000000000000e+03,1.918574344017542899e-05,3.482392639853060246e-05,2.280658736708573997e-05,4.669162080972455442e-06
3.210000000000000000e+03,1.915896245918702334e-05,3.491365714580751956e-05,2.233943268947768956e-05,4.534912022791104391e-06
3.220000000000000000e+03,1.909629645524546504e-05,3.498714067973196507e-05,2.188362122979015112e-05,4.404334504215512425e-06
3.230000000000000000e+03,1.901798532344400883e-05,3.503049811115488410e-05,2.143904930562712252e-05,4.284306669433135539e-06
3.240000000000000000e+03,1.889997838588897139e-05,3.507864312268793583e-05,2.100501296808943152e-05,4.169849489699117839e-06
3.250000000000000000e+03,1.876205715234391391e-05,3.509595990180969238e-05,2.058100835711229593e-05,4.062750122102443129e-06
3.260000000000000000e+03,1.858328869275283068e-05,3.510502574499696493e-05,2.016635335166938603e-05,3.967910743085667491e-06
3.270000000000000000e+03,1.838619027694221586e-05,3.508538429741747677e-05,1.976095700229052454e-05,3.877037670463323593e-06
3.280000000000000000e+03,1.818597593228332698e-05,3.506928624119609594e-05,1.936470835062209517e-05,3.798985972025548108e-06
3.290000000000000000e+03,1.794595300452783704e-05,3.502751496853306890e-05,1.897721813293173909e-05,3.720664153661346063e-06
3.300000000000000000e+03,1.771093957358971238e-05,3.498966543702408671e-05,1.859856274677440524e-05,3.651203542176517658e-06
3.310000000000000000e+03,1.746158704918343574e-05,3.493454642011784017e-05,1.822821650421246886e-05,3.585895683499984443e-06
3.320000000000000000e+03,1.720872933219652623e-05,3.487558933557011187e-05,1.786628308764193207e-05,3.526710770529462025e-06
3.330000000000000000e+03,1.693985541351139545e-05,3.481026578810997307e-05,1.751226955093443394e-05,3.474501681921537966e-06
3.340000000000000000e+03,1.667053766141179949e-05,3.472623939160257578e-05,1.716608676360920072e-05,3.424199803703231737e-06
3.350000000000000000e+03,1.641547714825719595e-05,3.464637848082929850e-05,1.682749461906496435e-05,3.376894710527267307e-06
3.360000000000000000e+03,1.615928522369358689e-05,3.456164267845451832e-05,1.649636033107526600e-05,3.332817641421570443e-06
3.370000000000000000e+03,1.590710053278598934e-05,3.447433118708431721e-05,1.617271118448115885e-05,3.292961764600477181e-06
3.380000000000000000e+03,1.566454557178076357e-05,3.439051943132653832e-05,1.585657810210250318e-05,3.259204277128446847e-06
3.390000000000000000e+03,1.542434620205312967e-05,3.428792842896655202e-05,1.554783375468105078e-05,3.224163492632214911e-06
3.400000000000000000e+03,1.519952820672187954e-05,3.418795677134767175e-05,1.524632989458041266e-05,3.189888275301200338e-06
3.410000000000000000e+03,1.498883284511975944e-05,3.409273995202966034e-05,1.495164269726956263e-05,3.157791752528282814e-06
3.420000000000000000e+03,1.478816193412058055e-05,3.399363777134567499e-05,1.466371668357169256e-05,3.129840251858695410e-06
3.430000000000000000e+03,1.459027498640352860e-05,3.390289202798157930e-05,1.438210529158823192e-05,3.105678842985071242e-06
3.440000000000000000e+03,1.441316271666437387e-05,3.381775240995921195e-05,1.410698769177542999e-05,3.084896434302208945e-06
3.450000000000000000e+03,1.424324182153213769e-05,3.372361243236809969e-05,1.383797552989562973e-05,3.063805706915445626e-06
3.460000000000000000e+03,1.408788011758588254e-05,3.365051088621839881e-05,1.357519249722827226e-05,3.047220161533914506e-06
3.470000000000000000e+03,1.394215360051020980e-05,3.357630339451134205e-05,1.331823841610457748e-05,3.029818799404893070e-06
3.480000000000000000e+03,1.381526271870825440e-05,3.351133636897429824e-05,1.306705235037952662e-05,3.015640231751604006e-06
3.490000000000000000e+03,1.370018071611411870e-05,3.345126606291159987e-05,1.282149241887964308e-05,2.999613570864312351e-06
3.500000000000000000e+03,1.359388534183381125e-05,3.340636612847447395e-05,1.258137126569636166e-05,2.986801064253086224e-06
3.510000000000000000e+03,1.350620004814118147e-05,3.337255111546255648e-05,1.234648607351118699e-05,2.976402129206690006e-06
3.520000000000000000e+03,1.343091753369662911e-05,3.334230132168158889e-05,1.211665858136257157e-05,2.967974069179035723e-06
3.530000000000000000e+03,1.337515459454152733e-05,3.331981133669614792e-05,1.189190606964984909e-05,2.957135848191683181e-06
3.540000000000000000e+03,1.333311683993088081e-05,3.331401967443525791e-05,1.167225491371937096e-05,2.947863777080783620e-06
3.550000000000000000e+03,1.330700615653768182e-05,3.331659536343067884e-05,1.145746591646457091e-05,2.937655835921759717e-06
3.560000000000000000e+03,1.330617578787496313e-05,3.334720531711354852e-05,1.124742539104772732e-05,2.932267307187430561e-06
3.570000000000000000e+03,1.332039391854777932e-05,3.337355883559212089e-05,1.104205512092448771e-05,2.925824446720071137e-06
3.580000000000000000e+03,1.335180331807350740e-05,3.341223782626911998e-05,1.084128780348692089e-05,2.918868858614587225e-06
3.590000000000000000e+03,1.341839379165321589e-05,3.346558878547511995e-05,1.064491516444832087e-05,2.909705472120549530e-06
3.600000000000000000e+03,1.349587182630784810e-05,3.353174543008208275e-05,1.045271892508026212e-05,2.902565483964281157e-06
3.610000000000000000e+03,1.359980888082645833e-05,3.362360803293995559e-05,1.026447444019140676e-05,2.900020717788720503e-06
3.620000000000000000e+03,1.372111910313833505e-05,3.372167702764272690e-05,1.008010804071091115e-05,2.895806574088055640e-06
3.630000000000000000e+03,1.387458542012609541e-05,3.384401134098879993e-05,9.899658834910951555e-06,2.891706799346138723e-06
3.640000000000000000e+03,1.404377690050750971e-05,3.398416447453200817e-05,9.722865797812119126e-06,2.888185008487198502e-06
3.650000000000000000e+03,1.424381389369955286e-05,3.413125523366034031e-05,9.549610695103183389e-06,2.886599304474657401e-06
